INSERT INTO `members` (`id`, `username`, `password`, `email`, `session`, `ip`, `lastlogin`, `visible`, `active`, `created`, `packageid`, `hits`, `profile_complete`, `templateid`, `updated`, `moderator`, `activate_code`, `highlight`, `ip_long`, `ip_lat`, `ip_country`, `ip_code`, `member_rating`, `msgStatus`, `video_duration`, `video_live`) VALUES
(1, 'mark', '8a6ec0ea3a19e75020d79132e5d7560d', 'spam@datingscripts.co.uk', '88c8600f763b055de54372763f39758f', '116.77.137.142', '2009-02-24 18:58:38', 'yes', 'active', '2008-06-08 18:28:33', 3, 8, 0, 1, '2008-06-08 18:28:33', 'no', 'OK', 'off', '', '', '', '', 0, '', 0, 'no'),
(2, 'Alan', '8a6ec0ea3a19e75020d79132e5d7560d', 'spam@datingscripts.co.uk', '45a5fecc61aac79d85db909b694c929e', '127.0.0.1', '2009-02-24 21:58:30', 'yes', 'active', '2008-06-08 18:28:33', 3, 20, 100, 1, '2009-02-24 21:59:56', 'yes', 'OK', 'off', '114.133301', '22.533300', 'Shenzhen', 'CN', 0, '', 0, 'no'),
(3, 'Rob', '8a6ec0ea3a19e75020d79132e5d7560d', 'spam@datingscripts.co.uk', '501f25f4cb19ee8b13248438606f0e1b', '00.000.00.00', '2009-02-24 19:22:37', 'yes', 'active', '2008-06-08 18:28:33', 3, 6, 0, 1, '2008-06-08 18:28:33', 'no', 'OK', 'off', '', '', '', '', 0, '', 0, 'no'),
(4, 'Simon', '8a6ec0ea3a19e75020d79132e5d7560d', 'spam@datingscripts.co.uk', '8059d24602db0eb1da7182ede19300f4', '116.77.137.142', '2009-02-24 19:11:34', 'yes', 'active', '2008-06-08 18:28:33', 3, 3, 100, 1, '2008-12-05 07:27:06', 'no', 'OK', 'off', '', '', '', '', 100, '', 0, 'no'),
(5, 'Ian', '8a6ec0ea3a19e75020d79132e5d7560d', 'spam@datingscripts.co.uk', '37640c3c380a487d6fc0a05523c386f9', '116.77.137.142', '2009-02-24 19:22:37', 'yes', 'active', '2008-06-08 18:28:33', 3, 0, 0, 1, '2008-06-08 18:28:33', 'no', 'OK', 'off', '', '', '', '', 0, '', 0, 'no'),
(6, 'MIckEY', '8a6ec0ea3a19e75020d79132e5d7560d', 'spam@datingscripts.co.uk', '37640c3c380a487d6fc0a05523c386f9', '116.77.137.142', '2009-02-24 21:58:30', 'yes', 'active', '2008-06-08 18:28:33', 3, 1, 0, 1, '2008-06-08 18:28:33', 'no', 'OK', 'off', '', '', '', '', 0, '', 0, 'no'),
(7, 'SEAN', '8a6ec0ea3a19e75020d79132e5d7560d', 'spam@datingscripts.co.uk', '501f25f4cb19ee8b13248438606f0e1b', '00.000.00.00', '2009-02-24 21:58:30', 'yes', 'active', '2008-06-08 18:28:33', 3, 0, 0, 1, '2008-06-08 18:28:33', 'no', 'OK', 'off', '', '', '', '', 0, '', 0, 'no'),
(8, 'Pete', '8a6ec0ea3a19e75020d79132e5d7560d', 'spam@datingscripts.co.uk', '501f25f4cb19ee8b13248438606f0e1b', '00.000.00.00', '2009-02-24 19:11:34', 'yes', 'active', '2008-06-08 18:28:33', 3, 0, 0, 1, '2008-06-08 18:28:33', 'no', 'OK', 'off', '', '', '', '', 0, '', 0, 'no'),
(9, 'Frankie', '8a6ec0ea3a19e75020d79132e5d7560d', 'spam@datingscripts.co.uk', '37640c3c380a487d6fc0a05523c386f9', '116.77.137.142', '2009-02-24 21:58:30', 'yes', 'active', '2008-06-08 18:28:33', 3, 0, 0, 1, '2008-06-08 18:28:33', 'no', 'OK', 'off', '', '', '', '', 0, '', 0, 'no'),
(10, 'Edward', '8a6ec0ea3a19e75020d79132e5d7560d', 'spam@datingscripts.co.uk', '37640c3c380a487d6fc0a05523c386f9', '116.77.137.142', '2009-02-24 21:58:30', 'yes', 'active', '2008-06-08 18:28:33', 3, 0, 0, 1, '2008-06-08 18:28:33', 'no', 'OK', 'off', '', '', '', '', 0, '', 0, 'no'),
(11, 'vINCENT', '8a6ec0ea3a19e75020d79132e5d7560d', 'spam@datingscripts.co.uk', '37640c3c380a487d6fc0a05523c386f9', '116.77.137.142', '2009-02-24 21:58:30', 'yes', 'active', '2008-06-08 18:28:33', 3, 0, 0, 1, '2008-06-08 18:28:33', 'no', 'OK', 'off', '', '', '', '', 0, '', 0, 'no'),
(12, 'Victoria', '8a6ec0ea3a19e75020d79132e5d7560d', 'spam@datingscripts.co.uk', '501f25f4cb19ee8b13248438606f0e1b', '00.000.00.00', '2009-02-24 21:57:35', 'yes', 'active', '2008-06-08 18:28:33', 3, 0, 0, 1, '2008-06-08 18:28:33', 'no', 'OK', 'off', '', '', '', '', 0, '', 0, 'no'),
(13, 'Ada', '8a6ec0ea3a19e75020d79132e5d7560d', 'spam@datingscripts.co.uk', '501f25f4cb19ee8b13248438606f0e1b', '00.000.00.00', '2009-02-24 17:56:52', 'yes', 'active', '2008-06-08 18:28:33', 3, 8, 0, 1, '2008-06-08 18:28:33', 'no', 'OK', 'off', '', '', '', '', 0, '', 0, 'no'),
(14, 'Queenie', '8a6ec0ea3a19e75020d79132e5d7560d', 'spam@datingscripts.co.uk', '501f25f4cb19ee8b13248438606f0e1b', '00.000.00.00', '2009-02-24 21:58:30', 'yes', 'active', '2008-06-08 18:28:33', 3, 0, 0, 1, '2008-06-08 18:28:33', 'no', 'OK', 'off', '', '', '', '', 0, '', 0, 'no'),
(15, 'Rainie', '8a6ec0ea3a19e75020d79132e5d7560d', 'spam@datingscripts.co.uk', '501f25f4cb19ee8b13248438606f0e1b', '00.000.00.00', '2009-02-24 21:57:35', 'yes', 'active', '2008-06-08 18:28:33', 3, 4, 0, 1, '2008-06-08 18:28:33', 'no', 'OK', 'off', '', '', '', '', 0, '', 0, 'no'),
(16, 'Cici', '8a6ec0ea3a19e75020d79132e5d7560d', 'spam@datingscripts.co.uk', '501f25f4cb19ee8b13248438606f0e1b', '00.000.00.00', '2009-02-24 21:58:30', 'yes', 'active', '2008-06-08 18:28:33', 3, 3, 0, 1, '2008-06-08 18:28:33', 'no', 'OK', 'off', '', '', '', '', 0, '', 0, 'no'),
(17, 'Stephanie', '8a6ec0ea3a19e75020d79132e5d7560d', 'spam@datingscripts.co.uk', '501f25f4cb19ee8b13248438606f0e1b', '00.000.00.00', '2009-02-24 21:57:35', 'yes', 'active', '2008-06-08 18:28:33', 3, 2, 0, 1, '2008-06-08 18:28:33', 'no', 'OK', 'off', '', '', '', '', 0, '', 0, 'no'),
(18, 'Becki', '8a6ec0ea3a19e75020d79132e5d7560d', 'spam@datingscripts.co.uk', '501f25f4cb19ee8b13248438606f0e1b', '00.000.00.00', '2009-02-24 19:22:37', 'yes', 'active', '2008-06-08 18:28:33', 3, 1, 0, 1, '2008-06-08 18:28:33', 'no', 'OK', 'off', '', '', '', '', 0, '', 0, 'no'),
(19, 'Cathy', '8a6ec0ea3a19e75020d79132e5d7560d', 'spam@datingscripts.co.uk', '501f25f4cb19ee8b13248438606f0e1b', '00.000.00.00', '2009-02-24 21:58:30', 'yes', 'active', '2008-06-08 18:28:33', 3, 1, 0, 1, '2008-06-08 18:28:33', 'no', 'OK', 'off', '', '', '', '', 0, '', 0, 'no'),
(20, 'Ivy', '8a6ec0ea3a19e75020d79132e5d7560d', 'spam@datingscripts.co.uk', '501f25f4cb19ee8b13248438606f0e1b', '00.000.00.00', '2009-02-24 21:58:30', 'yes', 'active', '2008-06-08 18:28:33', 3, 0, 0, 1, '2008-06-08 18:28:33', 'no', 'OK', 'off', '', '', '', '', 0, '', 0, 'no'),
(21, 'Gracie', '8a6ec0ea3a19e75020d79132e5d7560d', 'spam@datingscripts.co.uk', '501f25f4cb19ee8b13248438606f0e1b', '00.000.00.00', '2009-02-24 19:22:37', 'yes', 'active', '2008-06-08 18:28:33', 3, 3, 0, 1, '2008-06-08 18:28:33', 'no', 'OK', 'off', '', '', '', '', 0, '', 0, 'no');

INSERT INTO `members_data` (`uid`, `em_eha20070509`, `em_86t20070511`, `em_8cx20070511`, `postcode`, `age`, `headline`, `country`, `location`, `description`, `gender`, `em_hrh20080113`, `em_kxb20080113`, `em_1k820080113`, `em_heh20080113`, `em_93n20080113`, `em_jsh20080113`, `em_q0m20080113`, `em_jhb20080113`, `em_yh020080113`, `em_7jr20080113`, `em_wvh20080113`, `em_vqf20080113`, `em_qck20080113`, `em_r9720080113`, `em_s5j20080113`, `em_rn620080113`, `em_s1620080113`, `em_kjc20080113`, `em_72220080113`, `em_txg20080113`, `em_y8520080116`, `em_grm20080116`, `em_85820081128`, `em_chn20090224`, `em_rhr20090224`, `em_7vv20090224`, `em_qxs20090224`, `em_5tt20090224`, `em_gfk20090224`) VALUES
(1, '', 0, 55, 'L16TH', '1980-01-01', 'Say hello if you think im cute!', 'United Kingdom', 'London', 'Hello, im here to meet like minded single people just like me!', 63, 65, 72, 76, 102, 108, 119, 157, 200, 211, 222, 225, 232, 248, 267, 271, 283, 314, 319, 321, 326, 337, 380, NULL, NULL, NULL, NULL, NULL, NULL, NULL),
(2, '', 0, 55, 'M444', '1980-JAN-01', 'Hi im Alan.. nice to meet you :)', '385', 'Manchester', '\\r\\n<p style=\\"color: rgb(51, 51, 153);\\"><strong>Hi All,</strong></p><p style=\\"color: rgb(102, 51, 102);\\"><em><font size=\\"4\\">Im here to meet new page and make new fiends!</font></em></p><p style=\\"color: rgb(102, 51, 102);\\"><em><font size=\\"4\\">Im a very friendly person and would like to chat with you, so drop me a message and say hi!</font></em></p><p><strong>XxxXXXXxXXXxxx</strong></p><p></p>', 63, 65, 70, 94, 102, 115, 119, 157, 202, 211, 221, 224, 242, 247, 267, 272, 283, 314, 319, 320, 326, 340, 374, 5372, 'Mark', 'Yami', '28', '28', '<p><br /></p>\\r\\n', ''),
(3, '', 0, 55, 'L16TH', '1980-01-01', 'Say hello if you think im cute!', 'United Kingdom', 'London', 'Hello, im here to meet like minded single people just like me!', 63, 65, 72, 76, 102, 108, 119, 157, 200, 211, 222, 225, 232, 248, 267, 271, 283, 314, 319, 321, 326, 337, 380, NULL, NULL, NULL, NULL, NULL, NULL, NULL),
(4, '', 0, 55, 'L16TH', '1980-JAN-01', 'Say hello if you think im cute!', '396', 'Small Vill', '\\r\\nHello, im here to meet like minded single people just like me!', 63, 65, 72, 76, 102, 108, 119, 157, 200, 211, 222, 225, 232, 248, 267, 271, 283, 314, 319, 321, 326, 337, 380, 2570, NULL, NULL, NULL, NULL, NULL, NULL),
(5, '', 0, 55, 'L16TH', '1980-01-01', 'Say hello if you think im cute!', 'United Kingdom', 'London', 'Hello, im here to meet like minded single people just like me!', 63, 65, 72, 76, 102, 108, 119, 157, 200, 211, 222, 225, 232, 248, 267, 271, 283, 314, 319, 321, 326, 337, 380, NULL, NULL, NULL, NULL, NULL, NULL, NULL),
(6, '', 0, 55, 'L16TH', '1980-JAN-01', 'Say hello if you think im cute!', '453', 'Hamburg', 'Hello, im here to meet like minded single people just like me! ', 63, 65, 72, 76, 102, 108, 119, 157, 200, 211, 222, 225, 232, 248, 267, 271, 283, 314, 319, 321, 326, 337, 380, 565, NULL, NULL, NULL, NULL, NULL, NULL),
(7, '', 0, 55, 'L16TH', '1980-JAN-01', 'Say hello if you think im cute!', '384', 'London', 'Hello, im here to meet like minded single people just like me! ', 63, 65, 72, 76, 102, 108, 119, 157, 200, 211, 222, 225, 232, 248, 267, 271, 283, 314, 319, 321, 326, 337, 380, 565, NULL, NULL, NULL, NULL, NULL, NULL),
(8, '', 0, 55, 'L16TH', '1980-01-01', 'Say hello if you think im cute!', 'United Kingdom', 'London', 'Hello, im here to meet like minded single people just like me!', 63, 65, 72, 76, 102, 108, 119, 157, 200, 211, 222, 225, 232, 248, 267, 271, 283, 314, 319, 321, 326, 337, 380, NULL, NULL, NULL, NULL, NULL, NULL, NULL),
(9, '', 0, 55, 'L16TH', '1980-01-01', 'Say hello if you think im cute!', 'United Kingdom', 'London', 'Hello, im here to meet like minded single people just like me!', 63, 65, 72, 76, 102, 108, 119, 157, 200, 211, 222, 225, 232, 248, 267, 271, 283, 314, 319, 321, 326, 337, 380, NULL, NULL, NULL, NULL, NULL, NULL, NULL),
(10, '', 0, 55, 'L16TH', '1980-01-01', 'Say hello if you think im cute!', 'United Kingdom', 'London', 'Hello, im here to meet like minded single people just like me!', 63, 65, 72, 76, 102, 108, 119, 157, 200, 211, 222, 225, 232, 248, 267, 271, 283, 314, 319, 321, 326, 337, 380, NULL, NULL, NULL, NULL, NULL, NULL, NULL),
(11, '', 0, 55, 'L16TH', '1980-01-01', 'Say hello if you think im cute!', 'United Kingdom', 'London', 'Hello, im here to meet like minded single people just like me!', 63, 65, 72, 76, 102, 108, 119, 157, 200, 211, 222, 225, 232, 248, 267, 271, 283, 314, 319, 321, 326, 337, 380, NULL, NULL, NULL, NULL, NULL, NULL, NULL),
(12, '', 0, 55, 'L16TH', '1980-01-01', 'Say hello if you think im cute!', 'United Kingdom', 'London', 'Hello, im here to meet like minded single people just like me!', 64, 65, 72, 76, 102, 108, 119, 157, 200, 211, 222, 225, 232, 248, 267, 271, 283, 314, 319, 321, 326, 337, 380, NULL, NULL, NULL, NULL, NULL, NULL, NULL),
(13, '', 0, 55, 'L16TH', '1980-01-01', 'Say hello if you think im cute!', 'United Kingdom', 'London', 'Hello, im here to meet like minded single people just like me!', 64, 65, 72, 76, 102, 108, 119, 157, 200, 211, 222, 225, 232, 248, 267, 271, 283, 314, 319, 321, 326, 337, 380, NULL, NULL, NULL, NULL, NULL, NULL, NULL),
(14, '', 0, 55, 'L16TH', '1980-01-01', 'Say hello if you think im cute!', 'United Kingdom', 'London', 'Hello, im here to meet like minded single people just like me!', 64, 65, 72, 76, 102, 108, 119, 157, 200, 211, 222, 225, 232, 248, 267, 271, 283, 314, 319, 321, 326, 337, 380, NULL, NULL, NULL, NULL, NULL, NULL, NULL),
(15, '', 0, 55, 'L16TH', '1980-01-01', 'Say hello if you think im cute!', 'United Kingdom', 'London', 'Hello, im here to meet like minded single people just like me!', 64, 65, 72, 76, 102, 108, 119, 157, 200, 211, 222, 225, 232, 248, 267, 271, 283, 314, 319, 321, 326, 337, 380, NULL, NULL, NULL, NULL, NULL, NULL, NULL),
(16, '', 0, 55, 'L16TH', '1980-01-01', 'Say hello if you think im cute!', 'United Kingdom', 'London', 'Hello, im here to meet like minded single people just like me!', 64, 65, 72, 76, 102, 108, 119, 157, 200, 211, 222, 225, 232, 248, 267, 271, 283, 314, 319, 321, 326, 337, 380, NULL, NULL, NULL, NULL, NULL, NULL, NULL),
(17, '', 0, 55, 'L16TH', '1980-01-01', 'Say hello if you think im cute!', 'United Kingdom', 'London', 'Hello, im here to meet like minded single people just like me!', 64, 65, 72, 76, 102, 108, 119, 157, 200, 211, 222, 225, 232, 248, 267, 271, 283, 314, 319, 321, 326, 337, 380, NULL, NULL, NULL, NULL, NULL, NULL, NULL),
(18, '', 0, 55, 'L16TH', '1980-01-01', 'Say hello if you think im cute!', 'United Kingdom', 'London', 'Hello, im here to meet like minded single people just like me!', 64, 65, 72, 76, 102, 108, 119, 157, 200, 211, 222, 225, 232, 248, 267, 271, 283, 314, 319, 321, 326, 337, 380, NULL, NULL, NULL, NULL, NULL, NULL, NULL),
(19, '', 0, 55, 'L16TH', '1980-01-01', 'Say hello if you think im cute!', 'United Kingdom', 'London', 'Hello, im here to meet like minded single people just like me!', 64, 65, 72, 76, 102, 108, 119, 157, 200, 211, 222, 225, 232, 248, 267, 271, 283, 314, 319, 321, 326, 337, 380, NULL, NULL, NULL, NULL, NULL, NULL, NULL),
(20, '', 0, 55, 'L16TH', '1980-01-01', 'Say hello if you think im cute!', 'United Kingdom', 'London', 'Hello, im here to meet like minded single people just like me!', 64, 65, 72, 76, 102, 108, 119, 157, 200, 211, 222, 225, 232, 248, 267, 271, 283, 314, 319, 321, 326, 337, 380, NULL, NULL, NULL, NULL, NULL, NULL, NULL),
(21, '', 0, 55, 'L16TH', '1980-01-01', 'Say hello if you think im cute!', 'United Kingdom', 'London', 'Hello, im here to meet like minded single people just like me!', 64, 65, 72, 76, 102, 108, 119, 157, 200, 211, 222, 225, 232, 248, 267, 271, 283, 314, 319, 321, 326, 337, 380, NULL, NULL, NULL, NULL, NULL, NULL, NULL);

INSERT INTO `members_privacy` (`uid`, `Newsletters`, `Notifications`, `IM`, `Language`, `Time Zone`, `friends`, `comments`, `profile_view`, `im_window`, `SMS_email`, `SMS_wink`, `SMS_number`, `SMS_credits`, `SMS_country`, `match_array`, `email_winks`, `email_msg`, `email_friends`, `email_match`, `skype`, `profileview_friends`, `profileview_nonfriend`) VALUES
(1, 'yes', 'yes', 'yes', 'english', '', 'yes', 'yes', 'all', 'off', 'off', 'off', '', 0, '', '', 'yes', 'yes', 'yes', 'yes', '', '', ''),
(2, 'yes', 'yes', 'yes', 'english', '', 'yes', 'yes', 'all', 'off', 'off', 'off', '', 0, '', '', 'yes', 'yes', 'yes', 'yes', '', '', ''),
(3, 'yes', 'yes', 'yes', 'english', '', 'yes', 'yes', 'all', 'off', 'off', 'off', '', 0, '', '', 'yes', 'yes', 'yes', 'yes', '', '', ''),
(4, 'yes', 'yes', 'yes', 'english', '', 'yes', 'yes', 'all', 'off', 'off', 'off', '', 0, '', '', 'yes', 'yes', 'yes', 'yes', '', '', ''),
(5, 'yes', 'yes', 'yes', 'english', '', 'yes', 'yes', 'all', 'off', 'off', 'off', '', 0, '', '', 'yes', 'yes', 'yes', 'yes', '', '', ''),
(6, 'yes', 'yes', 'yes', 'english', '', 'yes', 'yes', 'all', 'off', 'off', 'off', '', 0, '', '', 'yes', 'yes', 'yes', 'yes', '', '', ''),
(7, 'yes', 'yes', 'yes', 'english', '', 'yes', 'yes', 'all', 'off', 'off', 'off', '', 0, '', '', 'yes', 'yes', 'yes', 'yes', '', '', ''),
(8, 'yes', 'yes', 'yes', 'english', '', 'yes', 'yes', 'all', 'off', 'off', 'off', '', 0, '', '', 'yes', 'yes', 'yes', 'yes', '', '', ''),
(9, 'yes', 'yes', 'yes', 'english', '', 'yes', 'yes', 'all', 'off', 'off', 'off', '', 0, '', '', 'yes', 'yes', 'yes', 'yes', '', '', ''),
(10, 'yes', 'yes', 'yes', 'english', '', 'yes', 'yes', 'all', 'off', 'off', 'off', '', 0, '', '', 'yes', 'yes', 'yes', 'yes', '', '', ''),
(11, 'yes', 'yes', 'yes', 'english', '', 'yes', 'yes', 'all', 'off', 'off', 'off', '', 0, '', '', 'yes', 'yes', 'yes', 'yes', '', '', ''),
(12, 'yes', 'yes', 'yes', 'english', '', 'yes', 'yes', 'all', 'off', 'off', 'off', '', 0, '', '', 'yes', 'yes', 'yes', 'yes', '', '', ''),
(13, 'yes', 'yes', 'yes', 'english', '', 'yes', 'yes', 'all', 'off', 'off', 'off', '', 0, '', '', 'yes', 'yes', 'yes', 'yes', '', '', ''),
(14, 'yes', 'yes', 'yes', 'english', '', 'yes', 'yes', 'all', 'off', 'off', 'off', '', 0, '', '', 'yes', 'yes', 'yes', 'yes', '', '', ''),
(15, 'yes', 'yes', 'yes', 'english', '', 'yes', 'yes', 'all', 'off', 'off', 'off', '', 0, '', '', 'yes', 'yes', 'yes', 'yes', '', '', ''),
(16, 'yes', 'yes', 'yes', 'english', '', 'yes', 'yes', 'all', 'off', 'off', 'off', '', 0, '', '', 'yes', 'yes', 'yes', 'yes', '', '', ''),
(17, 'yes', 'yes', 'yes', 'english', '', 'yes', 'yes', 'all', 'off', 'off', 'off', '', 0, '', '', 'yes', 'yes', 'yes', 'yes', '', '', ''),
(18, 'yes', 'yes', 'yes', 'english', '', 'yes', 'yes', 'all', 'off', 'off', 'off', '', 0, '', '', 'yes', 'yes', 'yes', 'yes', '', '', ''),
(19, 'yes', 'yes', 'yes', 'english', '', 'yes', 'yes', 'all', 'off', 'off', 'off', '', 0, '', '', 'yes', 'yes', 'yes', 'yes', '', '', ''),
(20, 'yes', 'yes', 'yes', 'english', '', 'yes', 'yes', 'all', 'off', 'off', 'off', '', 0, '', '', 'yes', 'yes', 'yes', 'yes', '', '', ''),
(21, 'yes', 'yes', 'yes', 'english', '', 'yes', 'yes', 'all', 'off', 'off', 'off', '', 0, '', '', 'yes', 'yes', 'yes', 'yes', '', '', '');

INSERT INTO `album` (`aid`, `uid`, `title`, `comment`, `filecount`, `cat`, `allow_f`, `allow_h`, `allow_n`, `allow_a`, `password`, `time`, `date`) VALUES
(1, 1, 'Default Album', '', 2, 'public', 'y', 'y', 'y', 'n', '', NULL, NULL),
(2, 2, 'Default Album', '', 2, 'public', 'y', 'y', 'y', 'n', '', NULL, NULL),
(3, 3, 'Default Album', '', 1, 'public', 'y', 'y', 'y', 'n', '', NULL, NULL),
(4, 4, 'Default Album', '', 1, 'public', 'y', 'y', 'y', 'n', '', NULL, NULL),
(5, 5, 'Default Album', '', 4, 'public', 'y', 'y', 'y', 'n', '', NULL, NULL),
(6, 6, 'Default Album', '', 1, 'public', 'y', 'y', 'y', 'n', '', NULL, NULL),
(7, 7, 'Default Album', '', 1, 'public', 'y', 'y', 'y', 'n', '', NULL, NULL),
(8, 8, 'Default Album', '', 1, 'public', 'y', 'y', 'y', 'n', '', NULL, NULL),
(9, 9, 'Default Album', '', 1, 'public', 'y', 'y', 'y', 'n', '', NULL, NULL),
(10, 10, 'Default Album', '', 1, 'public', 'y', 'y', 'y', 'n', '', NULL, NULL),
(11, 11, 'Default Album', '', 1, 'public', 'y', 'y', 'y', 'n', '', NULL, NULL),
(12, 12, 'Default Album', '', 1, 'public', 'y', 'y', 'y', 'n', '', NULL, NULL),
(13, 13, 'Default Album', '', 1, 'public', 'y', 'y', 'y', 'n', '', NULL, NULL),
(14, 14, 'Default Album', '', 1, 'public', 'y', 'y', 'y', 'n', '', NULL, NULL),
(15, 15, 'Default Album', '', 1, 'public', 'y', 'y', 'y', 'n', '', NULL, NULL),
(16, 16, 'Default Album', '', 1, 'public', 'y', 'y', 'y', 'n', '', NULL, NULL),
(17, 17, 'Default Album', '', 1, 'public', 'y', 'y', 'y', 'n', '', NULL, NULL),
(18, 18, 'Default Album', '', 1, 'public', 'y', 'y', 'y', 'n', '', NULL, NULL),
(19, 19, 'Default Album', '', 1, 'public', 'y', 'y', 'y', 'n', '', NULL, NULL),
(20, 20, 'Default Album', '', 1, 'public', 'y', 'y', 'y', 'n', '', NULL, NULL),
(21, 21, 'Default Album', '', 1, 'public', 'y', 'y', 'y', 'n', '', NULL, NULL);

INSERT INTO `files` (`id`, `aid`, `user`, `uid`, `date`, `title`, `description`, `bigimage`, `width`, `height`, `filesize`, `views`, `medwidth`, `medheight`, `medsize`, `approved`, `rating`, `default`, `featured`, `type`, `rating_votes`, `adult_content`) VALUES
(1, 2, '', 2, '2007-10-14', '', '', 'SS_t6xbe10h4xb20071014.jpg', 147, 190, 7727, 0, 147, 190, 0, 'yes', 0.00, 1, 'yes', 'photo', 0, 'no'),
(2, 3, '', 3, '2007-10-14', '', '', 'SS_rf8k1q6hbaq20071014.jpg', 135, 146, 4327, 3, 135, 146, 0, 'yes', 0.00, 1, 'yes', 'photo', 0, 'no'),
(3, 4, '', 4, '2007-10-14', '', '', 'SS_31rwhvpsjf820071014.jpg', 251, 354, 18887, 0, 251, 354, 0, 'yes', 0.00, 1, 'yes', 'photo', 0, 'no'),
(4, 5, '', 5, '2007-10-15', '', '', 'SS_ug3sy32446320071014.jpg', 197, 225, 13032, 0, 197, 225, 0, 'yes', 0.00, 0, 'yes', 'photo', 0, 'no'),
(5, 6, '', 6, '2007-10-15', '', '', 'SS_6x3jrq9xr5120071014.jpg', 104, 153, 4639, 0, 104, 153, 0, 'yes', 0.00, 0, 'yes', 'photo', 0, 'no'),
(6, 7, '', 7, '2007-10-15', '', '', 'SS_ewe32v6f1mc20071014.jpg', 235, 330, 14361, 0, 235, 330, 0, 'yes', 0.00, 1, 'yes', 'photo', 0, 'no'),
(7, 8, '', 8, '2007-10-15', '', '', 'SS_1v9rx6hct1020071014.jpg', 205, 274, 14098, 0, 205, 274, 0, 'yes', 0.00, 1, 'yes', 'photo', 0, 'no'),
(8, 9, '', 9, '2007-10-15', '', '', 'SS_hk9ntku2sx020071014.jpg', 271, 261, 12258, 0, 271, 261, 0, 'yes', 0.00, 1, 'yes', 'photo', 0, 'no'),
(9, 10, '', 10, '2007-10-15', '', '', 'SS_ypcyn971p1c20071014.jpg', 125, 183, 6806, 0, 125, 183, 0, 'yes', 0.00, 1, 'yes', 'photo', 0, 'no'),
(11, 12, '', 12, '2007-10-15', '', '', 'SS_m3wepw0h0kt20071014.jpg', 128, 167, 6204, 0, 128, 167, 0, 'yes', 0.00, 1, 'yes', 'photo', 0, 'no'),
(12, 13, '', 13, '2007-10-15', '', '', 'SS_4cfugh4gtqk20071014.jpg', 220, 256, 14866, 0, 220, 256, 0, 'yes', 0.00, 1, 'yes', 'photo', 0, 'no'),
(13, 14, '', 14, '2007-10-15', '', '', 'SS_jp8j10wshmc20071015.jpg', 170, 186, 8464, 0, 170, 186, 0, 'yes', 0.00, 1, 'yes', 'photo', 0, 'no'),
(14, 15, '', 15, '2007-10-15', '', '', 'SS_aqjm6anb4yh20071015.jpg', 234, 242, 11565, 0, 234, 242, 0, 'yes', 0.00, 1, 'yes', 'photo', 0, 'no'),
(15, 16, '', 16, '2007-10-15', '', '', 'SS_8q98p66vt5v20071015.jpg', 148, 201, 9788, 0, 148, 201, 0, 'yes', 0.00, 1, 'yes', 'photo', 0, 'no'),
(16, 17, '', 17, '2007-10-15', '', '', 'SS_vetvxfprans20071015.jpg', 249, 287, 19211, 0, 249, 287, 0, 'yes', 0.00, 1, 'yes', 'photo', 0, 'no'),
(17, 18, '', 18, '2007-10-15', '', '', 'SS_gq0hpae7bw420071015.jpg', 194, 229, 11348, 0, 194, 229, 0, 'yes', 0.00, 1, 'yes', 'photo', 0, 'no'),
(18, 19, '', 19, '2007-10-15', '', '', 'SS_8ey12fcvfxh20071015.jpg', 167, 186, 8645, 0, 167, 186, 0, 'yes', 0.00, 1, 'yes', 'photo', 0, 'no'),
(19, 20, '', 20, '2007-10-15', '', '', 'SS_6rum8sm9y9e20071015.jpg', 270, 293, 18631, 0, 270, 293, 0, 'yes', 0.00, 1, 'yes', 'photo', 0, 'no'),
(20, 21, '', 21, '2007-10-15', '', '', 'SS_req5whkerfn20071015.jpg', 155, 196, 8510, 0, 155, 196, 0, 'yes', 0.00, 1, 'yes', 'photo', 0, 'no');
